Date,Open,High,Low,Close,Volume
2023-01-01,0.0,0.0,0.0,0.0,100.0
2023-01-02,4.000144577732619,4.000144577732619,4.000144577732619,4.000144577732619,99.60721442885772
2023-01-03,7.984546246802221,7.984546246802221,7.984546246802221,7.984546246802221,99.21442885771543
2023-01-04,11.953205007208807,11.953205007208807,11.953205007208807,11.953205007208807,98.82164328657315
2023-01-05,15.906120858952372,15.906120858952372,15.906120858952372,15.906120858952372,98.42885771543087
2023-01-06,19.84329380203292,19.84329380203292,19.84329380203292,19.84329380203292,98.03607214428858
2023-01-07,23.764723836450454,23.764723836450454,23.764723836450454,23.764723836450454,97.6432865731463
2023-01-08,27.670410962204972,27.670410962204972,27.670410962204972,27.670410962204972,97.25050100200401
2023-01-09,31.560355179296465,31.560355179296465,31.560355179296465,31.560355179296465,96.85771543086172
2023-01-10,35.43455648772495,35.43455648772495,35.43455648772495,35.43455648772495,96.46492985971943
2023-01-11,39.29301488749041,39.29301488749041,39.29301488749041,39.29301488749041,96.07214428857715
2023-01-12,43.135730378592854,43.135730378592854,43.135730378592854,43.135730378592854,95.67935871743487
2023-01-13,46.962702961032285,46.962702961032285,46.962702961032285,46.962702961032285,95.28657314629258
2023-01-14,50.773932634808695,50.773932634808695,50.773932634808695,50.773932634808695,94.8937875751503
2023-01-15,54.56941939992209,54.56941939992209,54.56941939992209,54.56941939992209,94.50100200400801
2023-01-16,58.34916325637246,58.34916325637246,58.34916325637246,58.34916325637246,94.10821643286573
2023-01-17,62.113164204159816,62.113164204159816,62.113164204159816,62.113164204159816,93.71543086172345
2023-01-18,65.86142224328417,65.86142224328417,65.86142224328417,65.86142224328417,93.32264529058116
2023-01-19,69.59393737374548,69.59393737374548,69.59393737374548,69.59393737374548,92.92985971943888
2023-01-20,73.31070959554378,73.31070959554378,73.31070959554378,73.31070959554378,92.5370741482966
2023-01-21,77.01173890867906,77.01173890867906,77.01173890867906,77.01173890867906,92.14428857715431
2023-01-22,80.69702531315134,80.69702531315134,80.69702531315134,80.69702531315134,91.75150300601203
2023-01-23,84.36656880896061,84.36656880896061,84.36656880896061,84.36656880896061,91.35871743486973
2023-01-24,88.02036939610683,88.02036939610683,88.02036939610683,88.02036939610683,90.96593186372746
2023-01-25,91.65842707459007,91.65842707459007,91.65842707459007,91.65842707459007,90.57314629258516
2023-01-26,95.28074184441026,95.28074184441026,95.28074184441026,95.28074184441026,90.18036072144288
2023-01-27,98.88731370556744,98.88731370556744,98.88731370556744,98.88731370556744,89.7875751503006
2023-01-28,102.47814265806161,102.47814265806161,102.47814265806161,102.47814265806161,89.39478957915831
2023-01-29,106.05322870189276,106.05322870189276,106.05322870189276,106.05322870189276,89.00200400801603
2023-01-30,109.6125718370609,109.6125718370609,109.6125718370609,109.6125718370609,88.60921843687375
2023-01-31,113.156172063566,113.156172063566,113.156172063566,113.156172063566,88.21643286573146
2023-02-01,116.6840293814081,116.6840293814081,116.6840293814081,116.6840293814081,87.82364729458918
2023-02-02,120.19614379058717,120.19614379058717,120.19614379058717,120.19614379058717,87.4308617234469
2023-02-03,123.69251529110325,123.69251529110325,123.69251529110325,123.69251529110325,87.03807615230461
2023-02-04,127.17314388295628,127.17314388295628,127.17314388295628,127.17314388295628,86.64529058116233
2023-02-05,130.63802956614632,130.63802956614632,130.63802956614632,130.63802956614632,86.25250501002004
2023-02-06,134.0871723406733,134.0871723406733,134.0871723406733,134.0871723406733,85.85971943887776
2023-02-07,137.52057220653734,137.52057220653734,137.52057220653734,137.52057220653734,85.46693386773546
2023-02-08,140.9382291637383,140.9382291637383,140.9382291637383,140.9382291637383,85.07414829659318
2023-02-09,144.34014321227627,144.34014321227627,144.34014321227627,144.34014321227627,84.6813627254509
2023-02-10,147.72631435215118,147.72631435215118,147.72631435215118,147.72631435215118,84.28857715430861
2023-02-11,151.09674258336312,151.09674258336312,151.09674258336312,151.09674258336312,83.89579158316633
2023-02-12,154.451427905912,154.451427905912,154.451427905912,154.451427905912,83.50300601202404
2023-02-13,157.79037031979792,157.79037031979792,157.79037031979792,157.79037031979792,83.11022044088176
2023-02-14,161.1135698250208,161.1135698250208,161.1135698250208,161.1135698250208,82.71743486973948
2023-02-15,164.42102642158062,164.42102642158062,164.42102642158062,164.42102642158062,82.3246492985972
2023-02-16,167.71274010947747,167.71274010947747,167.71274010947747,167.71274010947747,81.93186372745491
2023-02-17,170.9887108887113,170.9887108887113,170.9887108887113,170.9887108887113,81.53907815631263
2023-02-18,174.24893875928208,174.24893875928208,174.24893875928208,174.24893875928208,81.14629258517034
2023-02-19,177.49342372118986,177.49342372118986,177.49342372118986,177.49342372118986,80.75350701402806
2023-02-20,180.72216577443461,180.72216577443461,180.72216577443461,180.72216577443461,80.36072144288578
2023-02-21,183.93516491901636,183.93516491901636,183.93516491901636,183.93516491901636,79.96793587174349
2023-02-22,187.13242115493512,187.13242115493512,187.13242115493512,187.13242115493512,79.5751503006012
2023-02-23,190.3139344821908,190.3139344821908,190.3139344821908,190.3139344821908,79.18236472945893
2023-02-24,193.47970490078353,193.47970490078353,193.47970490078353,193.47970490078353,78.78957915831663
2023-02-25,196.6297324107132,196.6297324107132,196.6297324107132,196.6297324107132,78.39679358717434
2023-02-26,199.7640170119799,199.7640170119799,199.7640170119799,199.7640170119799,78.00400801603206
2023-02-27,202.88255870458352,202.88255870458352,202.88255870458352,202.88255870458352,77.61122244488978
2023-02-28,205.98535748852416,205.98535748852416,205.98535748852416,205.98535748852416,77.21843687374749
2023-03-01,209.07241336380173,209.07241336380173,209.07241336380173,209.07241336380173,76.82565130260521
2023-03-02,212.1437263304163,212.1437263304163,212.1437263304163,212.1437263304163,76.43286573146293
2023-03-03,215.19929638836788,215.19929638836788,215.19929638836788,215.19929638836788,76.04008016032064
2023-03-04,218.23912353765647,218.23912353765647,218.23912353765647,218.23912353765647,75.64729458917836
2023-03-05,221.26320777828198,221.26320777828198,221.26320777828198,221.26320777828198,75.25450901803607
2023-03-06,224.2715491102445,224.2715491102445,224.2715491102445,224.2715491102445,74.86172344689379
2023-03-07,227.26414753354408,227.26414753354408,227.26414753354408,227.26414753354408,74.4689378757515
2023-03-08,230.24100304818054,230.24100304818054,230.24100304818054,230.24100304818054,74.07615230460922
2023-03-09,233.202115654154,233.202115654154,233.202115654154,233.202115654154,73.68336673346693
2023-03-10,236.14748535146444,236.14748535146444,236.14748535146444,236.14748535146444,73.29058116232464
2023-03-11,239.07711214011186,239.07711214011186,239.07711214011186,239.07711214011186,72.89779559118236
2023-03-12,241.9909960200963,241.9909960200963,241.9909960200963,241.9909960200963,72.50501002004009
2023-03-13,244.88913699141767,244.88913699141767,244.88913699141767,244.88913699141767,72.11222444889779
2023-03-14,247.77153505407605,247.77153505407605,247.77153505407605,247.77153505407605,71.71943887775551
2023-03-15,250.63819020807142,250.63819020807142,250.63819020807142,250.63819020807142,71.32665330661322
2023-03-16,253.4891024534038,253.4891024534038,253.4891024534038,253.4891024534038,70.93386773547094
2023-03-17,256.3242717900731,256.3242717900731,256.3242717900731,256.3242717900731,70.54108216432866
2023-03-18,259.1436982180794,259.1436982180794,259.1436982180794,259.1436982180794,70.14829659318637
2023-03-19,261.9473817374227,261.9473817374227,261.9473817374227,261.9473817374227,69.75551102204409
2023-03-20,264.73532234810307,264.73532234810307,264.73532234810307,264.73532234810307,69.3627254509018
2023-03-21,267.5075200501203,267.5075200501203,267.5075200501203,267.5075200501203,68.96993987975952
2023-03-22,270.2639748434745,270.2639748434745,270.2639748434745,270.2639748434745,68.57715430861724
2023-03-23,273.0046867281657,273.0046867281657,273.0046867281657,273.0046867281657,68.18436873747495
2023-03-24,275.72965570419393,275.72965570419393,275.72965570419393,275.72965570419393,67.79158316633266
2023-03-25,278.4388817715591,278.4388817715591,278.4388817715591,278.4388817715591,67.39879759519039
2023-03-26,281.1323649302613,281.1323649302613,281.1323649302613,281.1323649302613,67.00601202404809
2023-03-27,283.8101051803004,283.8101051803004,283.8101051803004,283.8101051803004,66.61322645290582
2023-03-28,286.4721025216766,286.4721025216766,286.4721025216766,286.4721025216766,66.22044088176352
2023-03-29,289.11835695438975,289.11835695438975,289.11835695438975,289.11835695438975,65.82765531062124
2023-03-30,291.7488684784398,291.7488684784398,291.7488684784398,291.7488684784398,65.43486973947896
2023-03-31,294.3636370938269,294.3636370938269,294.3636370938269,294.3636370938269,65.04208416833667
2023-04-01,296.96266280055096,296.96266280055096,296.96266280055096,296.96266280055096,64.64929859719439
2023-04-02,299.54594559861204,299.54594559861204,299.54594559861204,299.54594559861204,64.2565130260521
2023-04-03,302.11348548801004,302.11348548801004,302.11348548801004,302.11348548801004,63.86372745490982
2023-04-04,304.6652824687451,304.6652824687451,304.6652824687451,304.6652824687451,63.47094188376754
2023-04-05,307.2013365408171,307.2013365408171,307.2013365408171,307.2013365408171,63.078156312625254
2023-04-06,309.7216477042261,309.7216477042261,309.7216477042261,309.7216477042261,62.68537074148296
2023-04-07,312.22621595897203,312.22621595897203,312.22621595897203,312.22621595897203,62.29258517034068
2023-04-08,314.71504130505497,314.71504130505497,314.71504130505497,314.71504130505497,61.899799599198396
2023-04-09,317.1881237424749,317.1881237424749,317.1881237424749,317.1881237424749,61.50701402805611
2023-04-10,319.64546327123185,319.64546327123185,319.64546327123185,319.64546327123185,61.11422845691383
2023-04-11,322.0870598913257,322.0870598913257,322.0870598913257,322.0870598913257,60.721442885771545
2023-04-12,324.5129136027566,324.5129136027566,324.5129136027566,324.5129136027566,60.328657314629254
2023-04-13,326.9230244055244,326.9230244055244,326.9230244055244,326.9230244055244,59.93587174348698
2023-04-14,329.3173922996293,329.3173922996293,329.3173922996293,329.3173922996293,59.54308617234469
2023-04-15,331.69601728507115,331.69601728507115,331.69601728507115,331.69601728507115,59.1503006012024
2023-04-16,334.05889936184997,334.05889936184997,334.05889936184997,334.05889936184997,58.75751503006011
2023-04-17,336.4060385299657,336.4060385299657,336.4060385299657,336.4060385299657,58.364729458917836
2023-04-18,338.7374347894185,338.7374347894185,338.7374347894185,338.7374347894185,57.97194388777555
2023-04-19,341.0530881402083,341.0530881402083,341.0530881402083,341.0530881402083,57.57915831663326
2023-04-20,343.352998582335,343.352998582335,343.352998582335,343.352998582335,57.186372745490985
2023-04-21,345.6371661157987,345.6371661157987,345.6371661157987,345.6371661157987,56.793587174348694
2023-04-22,347.90559074059945,347.90559074059945,347.90559074059945,347.90559074059945,56.40080160320641
2023-04-23,350.1582724567371,350.1582724567371,350.1582724567371,350.1582724567371,56.00801603206413
2023-04-24,352.39521126421175,352.39521126421175,352.39521126421175,352.39521126421175,55.61523046092184
2023-04-25,354.61640716302344,354.61640716302344,354.61640716302344,354.61640716302344,55.22244488977955
2023-04-26,356.82186015317205,356.82186015317205,356.82186015317205,356.82186015317205,54.829659318637276
2023-04-27,359.0115702346577,359.0115702346577,359.0115702346577,359.0115702346577,54.436873747494985
2023-04-28,361.1855374074803,361.1855374074803,361.1855374074803,361.1855374074803,54.0440881763527
2023-04-29,363.3437616716398,363.3437616716398,363.3437616716398,363.3437616716398,53.651302605210425
2023-04-30,365.4862430271364,365.4862430271364,365.4862430271364,365.4862430271364,53.258517034068134
2023-05-01,367.61298147396997,367.61298147396997,367.61298147396997,367.61298147396997,52.86573146292585
2023-05-02,369.7239770121405,369.7239770121405,369.7239770121405,369.7239770121405,52.47294589178357
2023-05-03,371.819229641648,371.819229641648,371.819229641648,371.819229641648,52.08016032064128
2023-05-04,373.8987393624925,373.8987393624925,373.8987393624925,373.8987393624925,51.68737474949899
2023-05-05,375.962506174674,375.962506174674,375.962506174674,375.962506174674,51.294589178356716
2023-05-06,378.01053007819246,378.01053007819246,378.01053007819246,378.01053007819246,50.901803607214426
2023-05-07,380.04281107304786,380.04281107304786,380.04281107304786,380.04281107304786,50.50901803607214
2023-05-08,382.0593491592403,382.0593491592403,382.0593491592403,382.0593491592403,50.11623246492985
2023-05-09,384.06014433676967,384.06014433676967,384.06014433676967,384.06014433676967,49.723446893787575
2023-05-10,386.0451966056361,386.0451966056361,386.0451966056361,386.0451966056361,49.33066132264529
2023-05-11,388.01450596583953,388.01450596583953,388.01450596583953,388.01450596583953,48.937875751503
2023-05-12,389.96807241737974,389.96807241737974,389.96807241737974,389.96807241737974,48.545090180360724
2023-05-13,391.9058959602572,391.9058959602572,391.9058959602572,391.9058959602572,48.15230460921843
2023-05-14,393.8279765944714,393.8279765944714,393.8279765944714,393.8279765944714,47.75951903807615
2023-05-15,395.7343143200228,395.7343143200228,395.7343143200228,395.7343143200228,47.366733466933866
2023-05-16,397.6249091369111,397.6249091369111,397.6249091369111,397.6249091369111,46.97394789579158
2023-05-17,399.4997610451363,399.4997610451363,399.4997610451363,399.4997610451363,46.58116232464929
2023-05-18,401.3588700446986,401.3588700446986,401.3588700446986,401.3588700446986,46.188376753507015
2023-05-19,403.2022361355978,403.2022361355978,403.2022361355978,403.2022361355978,45.795591182364724
2023-05-20,405.02985931783405,405.02985931783405,405.02985931783405,405.02985931783405,45.40280561122244
2023-05-21,406.84173959140725,406.84173959140725,406.84173959140725,406.84173959140725,45.010020040080164
2023-05-22,408.6378769563174,408.6378769563174,408.6378769563174,408.6378769563174,44.61723446893787
2023-05-23,410.41827141256454,410.41827141256454,410.41827141256454,410.41827141256454,44.22444889779559
2023-05-24,412.1829229601488,412.1829229601488,412.1829229601488,412.1829229601488,43.831663326653306
2023-05-25,413.9318315990698,413.9318315990698,413.9318315990698,413.9318315990698,43.43887775551102
2023-05-26,415.664997329328,415.664997329328,415.664997329328,415.664997329328,43.04609218436873
2023-05-27,417.38242015092305,417.38242015092305,417.38242015092305,417.38242015092305,42.653306613226455
2023-05-28,419.08410006385515,419.08410006385515,419.08410006385515,419.08410006385515,42.260521042084164
2023-05-29,420.7700370681242,420.7700370681242,420.7700370681242,420.7700370681242,41.86773547094188
2023-05-30,422.44023116373023,422.44023116373023,422.44023116373023,422.44023116373023,41.47494989979959
2023-05-31,424.0946823506733,424.0946823506733,424.0946823506733,424.0946823506733,41.08216432865731
2023-06-01,425.7333906289533,425.7333906289533,425.7333906289533,425.7333906289533,40.68937875751503
2023-06-02,427.3563559985703,427.3563559985703,427.3563559985703,427.3563559985703,40.29659318637274
2023-06-03,428.96357845952423,428.96357845952423,428.96357845952423,428.96357845952423,39.90380761523046
2023-06-04,430.55505801181516,430.55505801181516,430.55505801181516,430.55505801181516,39.51102204408817
2023-06-05,432.1307946554431,432.1307946554431,432.1307946554431,432.1307946554431,39.118236472945895
2023-06-06,433.6907883904081,433.6907883904081,433.6907883904081,433.6907883904081,38.725450901803605
2023-06-07,435.2350392167099,435.2350392167099,435.2350392167099,435.2350392167099,38.33266533066132
2023-06-08,436.76354713434887,436.76354713434887,436.76354713434887,436.76354713434887,37.93987975951903
2023-06-09,438.27631214332473,438.27631214332473,438.27631214332473,438.27631214332473,37.547094188376754
2023-06-10,439.77333424363746,439.77333424363746,439.77333424363746,439.77333424363746,37.15430861723447
2023-06-11,441.2546134352874,441.2546134352874,441.2546134352874,441.2546134352874,36.76152304609218
2023-06-12,442.7201497182741,442.7201497182741,442.7201497182741,442.7201497182741,36.3687374749499
2023-06-13,444.16994309259803,444.16994309259803,444.16994309259803,444.16994309259803,35.97595190380761
2023-06-14,445.6039935582588,445.6039935582588,445.6039935582588,445.6039935582588,35.58316633266533
2023-06-15,447.0223011152565,447.0223011152565,447.0223011152565,447.0223011152565,35.190380761523045
2023-06-16,448.4248657635913,448.4248657635913,448.4248657635913,448.4248657635913,34.79759519038076
2023-06-17,449.811687503263,449.811687503263,449.811687503263,449.811687503263,34.40480961923848
2023-06-18,451.1827663342717,451.1827663342717,451.1827663342717,451.1827663342717,34.012024048096194
2023-06-19,452.5381022566175,452.5381022566175,452.5381022566175,452.5381022566175,33.619238476953896
2023-06-20,453.8776952703,453.8776952703,453.8776952703,453.8776952703,33.22645290581163
2023-06-21,455.2015453753197,455.2015453753197,455.2015453753197,455.2015453753197,32.83366733466934
2023-06-22,456.50965257167644,456.50965257167644,456.50965257167644,456.50965257167644,32.440881763527045
2023-06-23,457.8020168593699,457.8020168593699,457.8020168593699,457.8020168593699,32.048096192384776
2023-06-24,459.0786382384007,459.0786382384007,459.0786382384007,459.0786382384007,31.655310621242478
2023-06-25,460.33951670876826,460.33951670876826,460.33951670876826,460.33951670876826,31.262525050100194
2023-06-26,461.5846522704728,461.5846522704728,461.5846522704728,461.5846522704728,30.86973947895791
2023-06-27,462.81404492351436,462.81404492351436,462.81404492351436,462.81404492351436,30.476953907815627
2023-06-28,464.02769466789283,464.02769466789283,464.02769466789283,464.02769466789283,30.084168336673343
2023-06-29,465.2256015036084,465.2256015036084,465.2256015036084,465.2256015036084,29.69138276553106
2023-06-30,466.40776543066085,466.40776543066085,466.40776543066085,466.40776543066085,29.298597194388776
2023-07-01,467.57418644905033,467.57418644905033,467.57418644905033,467.57418644905033,28.905811623246493
2023-07-02,468.72486455877686,468.72486455877686,468.72486455877686,468.72486455877686,28.51302605210421
2023-07-03,469.85979975984026,469.85979975984026,469.85979975984026,469.85979975984026,28.120240480961925
2023-07-04,470.9789920522407,470.9789920522407,470.9789920522407,470.9789920522407,27.72745490981964
2023-07-05,472.0824414359782,472.0824414359782,472.0824414359782,472.0824414359782,27.334669338677344
2023-07-06,473.1701479110525,473.1701479110525,473.1701479110525,473.1701479110525,26.941883767535074
2023-07-07,474.24211147746394,474.24211147746394,474.24211147746394,474.24211147746394,26.549098196392777
2023-07-08,475.2983321352123,475.2983321352123,475.2983321352123,475.2983321352123,26.156312625250507
2023-07-09,476.33880988429763,476.33880988429763,476.33880988429763,476.33880988429763,25.76352705410821
2023-07-10,477.36354472472,477.36354472472,477.36354472472,477.36354472472,25.370741482965926
2023-07-11,478.3725366564792,478.3725366564792,478.3725366564792,478.3725366564792,24.977955911823642
2023-07-12,479.36578567957554,479.36578567957554,479.36578567957554,479.36578567957554,24.58517034068136
2023-07-13,480.34329179400885,480.34329179400885,480.34329179400885,480.34329179400885,24.192384769539075
2023-07-14,481.3050549997791,481.3050549997791,481.3050549997791,481.3050549997791,23.79959919839679
2023-07-15,482.2510752968863,482.2510752968863,482.2510752968863,482.2510752968863,23.406813627254508
2023-07-16,483.1813526853305,483.1813526853305,483.1813526853305,483.1813526853305,23.014028056112224
2023-07-17,484.0958871651117,484.0958871651117,484.0958871651117,484.0958871651117,22.62124248496994
2023-07-18,484.99467873622996,484.99467873622996,484.99467873622996,484.99467873622996,22.228456913827657
2023-07-19,485.87772739868507,485.87772739868507,485.87772739868507,485.87772739868507,21.835671342685373
2023-07-20,486.7450331524773,486.7450331524773,486.7450331524773,486.7450331524773,21.44288577154309
2023-07-21,487.59659599760647,487.59659599760647,487.59659599760647,487.59659599760647,21.050100200400806
2023-07-22,488.43241593407254,488.43241593407254,488.43241593407254,488.43241593407254,20.657314629258508
2023-07-23,489.25249296187565,489.25249296187565,489.25249296187565,489.25249296187565,20.26452905811624
2023-07-24,490.0568270810156,490.0568270810156,490.0568270810156,490.0568270810156,19.871743486973955
2023-07-25,490.8454182914928,490.8454182914928,490.8454182914928,490.8454182914928,19.478957915831657
2023-07-26,491.6182665933069,491.6182665933069,491.6182665933069,491.6182665933069,19.086172344689373
2023-07-27,492.3753719864578,492.3753719864578,492.3753719864578,492.3753719864578,18.693386773547104
2023-07-28,493.1167344709459,493.1167344709459,493.1167344709459,493.1167344709459,18.300601202404806
2023-07-29,493.8423540467708,493.8423540467708,493.8423540467708,493.8423540467708,17.907815631262523
2023-07-30,494.5522307139329,494.5522307139329,494.5522307139329,494.5522307139329,17.515030060120225
2023-07-31,495.2463644724318,495.2463644724318,495.2463644724318,495.2463644724318,17.122244488977955
2023-08-01,495.92475532226774,495.92475532226774,495.92475532226774,495.92475532226774,16.72945891783567
2023-08-02,496.5874032634407,496.5874032634407,496.5874032634407,496.5874032634407,16.336673346693374
2023-08-03,497.2343082959506,497.2343082959506,497.2343082959506,497.2343082959506,15.943887775551104
2023-08-04,497.8654704197974,497.8654704197974,497.8654704197974,497.8654704197974,15.55110220440882
2023-08-05,498.48088963498134,498.48088963498134,498.48088963498134,498.48088963498134,15.158316633266523
2023-08-06,499.0805659415022,499.0805659415022,499.0805659415022,499.0805659415022,14.76553106212424
2023-08-07,499.66449933936,499.66449933936,499.66449933936,499.66449933936,14.37274549098197
2023-08-08,500.2326898285549,500.2326898285549,500.2326898285549,500.2326898285549,13.979959919839672
2023-08-09,500.7851374090867,500.7851374090867,500.7851374090867,500.7851374090867,13.587174348697388
2023-08-10,501.3218420809555,501.3218420809555,501.3218420809555,501.3218420809555,13.194388777555105
2023-08-11,501.84280384416127,501.84280384416127,501.84280384416127,501.84280384416127,12.801603206412821
2023-08-12,502.34802269870397,502.34802269870397,502.34802269870397,502.34802269870397,12.408817635270537
2023-08-13,502.8374986445837,502.8374986445837,502.8374986445837,502.8374986445837,12.016032064128254
2023-08-14,503.31123168180045,503.31123168180045,503.31123168180045,503.31123168180045,11.62324649298597
2023-08-15,503.76922181035417,503.76922181035417,503.76922181035417,503.76922181035417,11.230460921843687
2023-08-16,504.21146903024487,504.21146903024487,504.21146903024487,504.21146903024487,10.837675350701403
2023-08-17,504.63797334147245,504.63797334147245,504.63797334147245,504.63797334147245,10.444889779559105
2023-08-18,505.0487347440371,505.0487347440371,505.0487347440371,505.0487347440371,10.052104208416836
2023-08-19,505.4437532379388,505.4437532379388,505.4437532379388,505.4437532379388,9.659318637274552
2023-08-20,505.82302882317737,505.82302882317737,505.82302882317737,505.82302882317737,9.266533066132254
2023-08-21,506.186561499753,506.186561499753,506.186561499753,506.186561499753,8.87374749498997
2023-08-22,506.5343512676656,506.5343512676656,506.5343512676656,506.5343512676656,8.480961923847701
2023-08-23,506.8663981269151,506.8663981269151,506.8663981269151,506.8663981269151,8.088176352705403
2023-08-24,507.1827020775016,507.1827020775016,507.1827020775016,507.1827020775016,7.69539078156312
2023-08-25,507.48326311942515,507.48326311942515,507.48326311942515,507.48326311942515,7.30260521042085
2023-08-26,507.76808125268576,507.76808125268576,507.76808125268576,507.76808125268576,6.9098196392785525
2023-08-27,508.0371564772832,508.0371564772832,508.0371564772832,508.0371564772832,6.517034068136269
2023-08-28,508.29048879321766,508.29048879321766,508.29048879321766,508.29048879321766,6.124248496993985
2023-08-29,508.5280782004892,508.5280782004892,508.5280782004892,508.5280782004892,5.731462925851702
2023-08-30,508.7499246990975,508.7499246990975,508.7499246990975,508.7499246990975,5.338677354709418
2023-08-31,508.956028289043,508.956028289043,508.956028289043,508.956028289043,4.945891783567134
2023-09-01,509.14638897032535,509.14638897032535,509.14638897032535,509.14638897032535,4.5531062124248365
2023-09-02,509.32100674294475,509.32100674294475,509.32100674294475,509.32100674294475,4.160320641282567
2023-09-03,509.4798816069012,509.4798816069012,509.4798816069012,509.4798816069012,3.7675350701402834
2023-09-04,509.62301356219444,509.62301356219444,509.62301356219444,509.62301356219444,3.3747494989979856
2023-09-05,509.75040260882486,509.75040260882486,509.75040260882486,509.75040260882486,2.981963927855716
2023-09-06,509.8620487467922,509.8620487467922,509.8620487467922,509.8620487467922,2.5891783567134325
2023-09-07,509.9579519760964,509.9579519760964,509.9579519760964,509.9579519760964,2.1963927855711347
2023-09-08,510.0381122967377,510.0381122967377,510.0381122967377,510.0381122967377,1.803607214428851
2023-09-09,510.102529708716,510.102529708716,510.102529708716,510.102529708716,1.4108216432865817
2023-09-10,510.1512042120312,510.1512042120312,510.1512042120312,510.1512042120312,1.0180360721442838
2023-09-11,510.1841358066835,510.1841358066835,510.1841358066835,510.1841358066835,0.6252505010020002
2023-09-12,510.20132449267265,510.20132449267265,510.20132449267265,510.20132449267265,0.23246492985970235
2023-09-13,510.20277026999884,510.20277026999884,510.20277026999884,510.20277026999884,-0.16032064128256707
2023-09-14,510.18847313866195,510.18847313866195,510.18847313866195,510.18847313866195,-0.5531062124248507
2023-09-15,510.1584330986623,510.1584330986623,510.1584330986623,510.1584330986623,-0.9458917835671485
2023-09-16,510.11265014999935,510.11265014999935,510.11265014999935,510.11265014999935,-1.338677354709418
2023-09-17,510.05112429267353,510.05112429267353,510.05112429267353,510.05112429267353,-1.7314629258517016
2023-09-18,509.9738555266847,509.9738555266847,509.9738555266847,509.9738555266847,-2.1242484969939994
2023-09-19,509.8808438520326,509.8808438520326,509.8808438520326,509.8808438520326,-2.517034068136283
2023-09-20,509.77208926871765,509.77208926871765,509.77208926871765,509.77208926871765,-2.9098196392785525
2023-09-21,509.6475917767398,509.6475917767398,509.6475917767398,509.6475917767398,-3.3026052104208503
2023-09-22,509.5073513760989,509.5073513760989,509.5073513760989,509.5073513760989,-3.695390781563134
2023-09-23,509.35136806679475,509.35136806679475,509.35136806679475,509.35136806679475,-4.088176352705418
2023-09-24,509.1796418488277,509.1796418488277,509.1796418488277,509.1796418488277,-4.480961923847701
2023-09-25,508.9921727221978,508.9921727221978,508.9921727221978,508.9921727221978,-4.873747494989985
2023-09-26,508.78896068690483,508.78896068690483,508.78896068690483,508.78896068690483,-5.2665330661322685
2023-09-27,508.57000574294887,508.57000574294887,508.57000574294887,508.57000574294887,-5.659318637274538
2023-09-28,508.3353078903298,508.3353078903298,508.3353078903298,508.3353078903298,-6.052104208416836
2023-09-29,508.08486712904755,508.08486712904755,508.08486712904755,508.08486712904755,-6.444889779559119
2023-09-30,507.81868345910243,507.81868345910243,507.81868345910243,507.81868345910243,-6.837675350701417
2023-10-01,507.5367568804944,507.5367568804944,507.5367568804944,507.5367568804944,-7.230460921843687
2023-10-02,507.23908739322326,507.23908739322326,507.23908739322326,507.23908739322326,-7.62324649298597
2023-10-03,506.9256749972892,506.9256749972892,506.9256749972892,506.9256749972892,-8.016032064128268
2023-10-04,506.5965196926919,506.5965196926919,506.5965196926919,506.5965196926919,-8.408817635270552
2023-10-05,506.2516214794316,506.2516214794316,506.2516214794316,506.2516214794316,-8.801603206412821
2023-10-06,505.8909803575085,505.8909803575085,505.8909803575085,505.8909803575085,-9.194388777555119
2023-10-07,505.5145963269224,505.5145963269224,505.5145963269224,505.5145963269224,-9.587174348697403
2023-10-08,505.12246938767316,505.12246938767316,505.12246938767316,505.12246938767316,-9.979959919839672
2023-10-09,504.7145995397609,504.7145995397609,504.7145995397609,504.7145995397609,-10.37274549098197
2023-10-10,504.29098678318553,504.29098678318553,504.29098678318553,504.29098678318553,-10.765531062124253
2023-10-11,503.85163111794725,503.85163111794725,503.85163111794725,503.85163111794725,-11.158316633266537
2023-10-12,503.39653254404584,503.39653254404584,503.39653254404584,503.39653254404584,-11.55110220440882
2023-10-13,502.92569106148176,502.92569106148176,502.92569106148176,502.92569106148176,-11.943887775551104
2023-10-14,502.43910667025443,502.43910667025443,502.43910667025443,502.43910667025443,-12.336673346693388
2023-10-15,501.93677937036375,501.93677937036375,501.93677937036375,501.93677937036375,-12.729458917835686
2023-10-16,501.4187091618104,501.4187091618104,501.4187091618104,501.4187091618104,-13.122244488977955
2023-10-17,500.88489604459414,500.88489604459414,500.88489604459414,500.88489604459414,-13.515030060120239
2023-10-18,500.33534001871476,500.33534001871476,500.33534001871476,500.33534001871476,-13.907815631262537
2023-10-19,499.77004108417236,499.77004108417236,499.77004108417236,499.77004108417236,-14.300601202404806
2023-10-20,499.18899924096684,499.18899924096684,499.18899924096684,499.18899924096684,-14.69338677354709
2023-10-21,498.5922144890983,498.5922144890983,498.5922144890983,498.5922144890983,-15.086172344689388
2023-10-22,497.97968682856686,497.97968682856686,497.97968682856686,497.97968682856686,-15.478957915831671
2023-10-23,497.3514162593724,497.3514162593724,497.3514162593724,497.3514162593724,-15.87174348697394
2023-10-24,496.70740278151493,496.70740278151493,496.70740278151493,496.70740278151493,-16.26452905811624
2023-10-25,496.04764639499433,496.04764639499433,496.04764639499433,496.04764639499433,-16.657314629258522
2023-10-26,495.3721470998107,495.3721470998107,495.3721470998107,495.3721470998107,-17.05010020040082
2023-10-27,494.6809048959642,494.6809048959642,494.6809048959642,494.6809048959642,-17.44288577154309
2023-10-28,493.9739197834547,493.9739197834547,493.9739197834547,493.9739197834547,-17.835671342685373
2023-10-29,493.251191762282,493.251191762282,493.251191762282,493.251191762282,-18.22845691382767
2023-10-30,492.51272083244646,492.51272083244646,492.51272083244646,492.51272083244646,-18.62124248496994
2023-10-31,491.75850699394766,491.75850699394766,491.75850699394766,491.75850699394766,-19.014028056112224
2023-11-01,490.9885502467861,490.9885502467861,490.9885502467861,490.9885502467861,-19.40681362725452
2023-11-02,490.2028505909615,490.2028505909615,490.2028505909615,490.2028505909615,-19.799599198396805
2023-11-03,489.40140802647375,489.40140802647375,489.40140802647375,489.40140802647375,-20.192384769539075
2023-11-04,488.58422255332323,488.58422255332323,488.58422255332323,488.58422255332323,-20.585170340681373
2023-11-05,487.75129417150913,487.75129417150913,487.75129417150913,487.75129417150913,-20.977955911823656
2023-11-06,486.90262288103247,486.90262288103247,486.90262288103247,486.90262288103247,-21.37074148296594
2023-11-07,486.0382086818928,486.0382086818928,486.0382086818928,486.0382086818928,-21.76352705410821
2023-11-08,485.15805157409,485.15805157409,485.15805157409,485.15805157409,-22.156312625250507
2023-11-09,484.2621515576243,484.2621515576243,484.2621515576243,484.2621515576243,-22.54909819639279
2023-11-10,483.35050863249546,483.35050863249546,483.35050863249546,483.35050863249546,-22.94188376753506
2023-11-11,482.4231227987035,482.4231227987035,482.4231227987035,482.4231227987035,-23.334669338677358
2023-11-12,481.47999405624864,481.47999405624864,481.47999405624864,481.47999405624864,-23.72745490981964
2023-11-13,480.5211224051309,480.5211224051309,480.5211224051309,480.5211224051309,-24.12024048096194
2023-11-14,479.5465078453501,479.5465078453501,479.5465078453501,479.5465078453501,-24.51302605210421
2023-11-15,478.5561503769062,478.5561503769062,478.5561503769062,478.5561503769062,-24.905811623246493
2023-11-16,477.55004999979917,477.55004999979917,477.55004999979917,477.55004999979917,-25.29859719438879
2023-11-17,476.5282067140291,476.5282067140291,476.5282067140291,476.5282067140291,-25.69138276553106
2023-11-18,475.4906205195963,475.4906205195963,475.4906205195963,475.4906205195963,-26.084168336673343
2023-11-19,474.43729141650033,474.43729141650033,474.43729141650033,474.43729141650033,-26.47695390781564
2023-11-20,473.36821940474135,473.36821940474135,473.36821940474135,473.36821940474135,-26.869739478957925
2023-11-21,472.28340448431925,472.28340448431925,472.28340448431925,472.28340448431925,-27.262525050100194
2023-11-22,471.18284665523424,471.18284665523424,471.18284665523424,471.18284665523424,-27.655310621242492
2023-11-23,470.0665459174862,470.0665459174862,470.0665459174862,470.0665459174862,-28.048096192384776
2023-11-24,468.9345022710752,468.9345022710752,468.9345022710752,468.9345022710752,-28.440881763527074
2023-11-25,467.78671571600114,467.78671571600114,467.78671571600114,467.78671571600114,-28.833667334669343
2023-11-26,466.62318625226385,466.62318625226385,466.62318625226385,466.62318625226385,-29.22645290581164
2023-11-27,465.44391387986377,465.44391387986377,465.44391387986377,465.44391387986377,-29.61923847695391
2023-11-28,464.2488985988007,464.2488985988007,464.2488985988007,464.2488985988007,-30.01202404809618
2023-11-29,463.0381404090747,463.0381404090747,463.0381404090747,463.0381404090747,-30.404809619238478
2023-11-30,461.81163931068556,461.81163931068556,461.81163931068556,461.81163931068556,-30.797595190380775
2023-12-01,460.5693953036332,460.5693953036332,460.5693953036332,460.5693953036332,-31.190380761523045
2023-12-02,459.31140838791805,459.31140838791805,459.31140838791805,459.31140838791805,-31.583166332665314
2023-12-03,458.03767856353977,458.03767856353977,458.03767856353977,458.03767856353977,-31.975951903807612
2023-12-04,456.7482058304987,456.7482058304987,456.7482058304987,456.7482058304987,-32.36873747494991
2023-12-05,455.4429901887945,455.4429901887945,455.4429901887945,455.4429901887945,-32.76152304609221
2023-12-06,454.1220316384272,454.1220316384272,454.1220316384272,454.1220316384272,-33.15430861723448
2023-12-07,452.7853301793966,452.7853301793966,452.7853301793966,452.7853301793966,-33.54709418837675
2023-12-08,451.4328858117035,451.4328858117035,451.4328858117035,451.4328858117035,-33.939879759519044
2023-12-09,450.06469853534713,450.06469853534713,450.06469853534713,450.06469853534713,-34.332665330661314
2023-12-10,448.68076835032787,448.68076835032787,448.68076835032787,448.68076835032787,-34.72545090180361
2023-12-11,447.2810952566456,447.2810952566456,447.2810952566456,447.2810952566456,-35.11823647294591
2023-12-12,445.86567925429995,445.86567925429995,445.86567925429995,445.86567925429995,-35.51102204408818
2023-12-13,444.43452034329164,444.43452034329164,444.43452034329164,444.43452034329164,-35.90380761523045
2023-12-14,442.9876185236203,442.9876185236203,442.9876185236203,442.9876185236203,-36.296593186372746
2023-12-15,441.524973795286,441.524973795286,441.524973795286,441.524973795286,-36.689378757515044
2023-12-16,440.0465861582885,440.0465861582885,440.0465861582885,440.0465861582885,-37.08216432865731
2023-12-17,438.55245561262814,438.55245561262814,438.55245561262814,438.55245561262814,-37.47494989979961
2023-12-18,437.0425821583044,437.0425821583044,437.0425821583044,437.0425821583044,-37.86773547094188
2023-12-19,435.516965795318,435.516965795318,435.516965795318,435.516965795318,-38.26052104208418
2023-12-20,433.9756065236686,433.9756065236686,433.9756065236686,433.9756065236686,-38.65330661322645
2023-12-21,432.41850434335606,432.41850434335606,432.41850434335606,432.41850434335606,-39.046092184368746
2023-12-22,430.8456592543804,430.8456592543804,430.8456592543804,430.8456592543804,-39.438877755511015
2023-12-23,429.2570712567417,429.2570712567417,429.2570712567417,429.2570712567417,-39.83166332665331
2023-12-24,427.65274035044035,427.65274035044035,427.65274035044035,427.65274035044035,-40.22444889779558
2023-12-25,426.03266653547576,426.03266653547576,426.03266653547576,426.03266653547576,-40.61723446893788
2023-12-26,424.39684981184814,424.39684981184814,424.39684981184814,424.39684981184814,-41.01002004008018
2023-12-27,422.7452901795573,422.7452901795573,422.7452901795573,422.7452901795573,-41.40280561122245
2023-12-28,421.07798763860364,421.07798763860364,421.07798763860364,421.07798763860364,-41.79559118236472
2023-12-29,419.394942188987,419.394942188987,419.394942188987,419.394942188987,-42.188376753507015
2023-12-30,417.69615383070754,417.69615383070754,417.69615383070754,417.69615383070754,-42.58116232464931
2023-12-31,415.98162256376486,415.98162256376486,415.98162256376486,415.98162256376486,-42.97394789579158
2024-01-01,414.25134838815916,414.25134838815916,414.25134838815916,414.25134838815916,-43.36673346693388
2024-01-02,412.5053313038902,412.5053313038902,412.5053313038902,412.5053313038902,-43.75951903807615
2024-01-03,410.7435713109585,410.7435713109585,410.7435713109585,410.7435713109585,-44.15230460921845
2024-01-04,408.96606840936374,408.96606840936374,408.96606840936374,408.96606840936374,-44.54509018036072
2024-01-05,407.172822599106,407.172822599106,407.172822599106,407.172822599106,-44.937875751503014
2024-01-06,405.3638338801852,405.3638338801852,405.3638338801852,405.3638338801852,-45.33066132264531
2024-01-07,403.5391022526012,403.5391022526012,403.5391022526012,403.5391022526012,-45.72344689378758
2024-01-08,401.6986277163544,401.6986277163544,401.6986277163544,401.6986277163544,-46.11623246492985
2024-01-09,399.8424102714446,399.8424102714446,399.8424102714446,399.8424102714446,-46.50901803607215
2024-01-10,397.97044991787175,397.97044991787175,397.97044991787175,397.97044991787175,-46.90180360721445
2024-01-11,396.0827466556359,396.0827466556359,396.0827466556359,396.0827466556359,-47.294589178356716
2024-01-12,394.17930048473704,394.17930048473704,394.17930048473704,394.17930048473704,-47.687374749498986
2024-01-13,392.26011140517494,392.26011140517494,392.26011140517494,392.26011140517494,-48.08016032064128
2024-01-14,390.32517941695005,390.32517941695005,390.32517941695005,390.32517941695005,-48.47294589178358
2024-01-15,388.37450452006215,388.37450452006215,388.37450452006215,388.37450452006215,-48.86573146292585
2024-01-16,386.4080867145112,386.4080867145112,386.4080867145112,386.4080867145112,-49.25851703406815
2024-01-17,384.42592600029707,384.42592600029707,384.42592600029707,384.42592600029707,-49.65130260521042
2024-01-18,382.4280223774199,382.4280223774199,382.4280223774199,382.4280223774199,-50.044088176352716
2024-01-19,380.41437584587993,380.41437584587993,380.41437584587993,380.41437584587993,-50.436873747494985
2024-01-20,378.38498640567695,378.38498640567695,378.38498640567695,378.38498640567695,-50.82965931863728
2024-01-21,376.33985405681096,376.33985405681096,376.33985405681096,376.33985405681096,-51.22244488977958
2024-01-22,374.27897879928196,374.27897879928196,374.27897879928196,374.27897879928196,-51.61523046092185
2024-01-23,372.2023606330897,372.2023606330897,372.2023606330897,372.2023606330897,-52.00801603206412
2024-01-24,370.1099995582347,370.1099995582347,370.1099995582347,370.1099995582347,-52.40080160320642
2024-01-25,368.0018955747166,368.0018955747166,368.0018955747166,368.0018955747166,-52.793587174348716
2024-01-26,365.87804868253534,365.87804868253534,365.87804868253534,365.87804868253534,-53.186372745490985
2024-01-27,363.73845888169126,363.73845888169126,363.73845888169126,363.73845888169126,-53.57915831663328
2024-01-28,361.58312617218394,361.58312617218394,361.58312617218394,361.58312617218394,-53.97194388777555
2024-01-29,359.4120505540136,359.4120505540136,359.4120505540136,359.4120505540136,-54.36472945891785
2024-01-30,357.2252320271805,357.2252320271805,357.2252320271805,357.2252320271805,-54.75751503006012
2024-01-31,355.02267059168435,355.02267059168435,355.02267059168435,355.02267059168435,-55.15030060120242
2024-02-01,352.80436624752497,352.80436624752497,352.80436624752497,352.80436624752497,-55.54308617234469
2024-02-02,350.5703189947028,350.5703189947028,350.5703189947028,350.5703189947028,-55.935871743486985
2024-02-03,348.3205288332174,348.3205288332174,348.3205288332174,348.3205288332174,-56.328657314629254
2024-02-04,346.0549957630692,346.0549957630692,346.0549957630692,346.0549957630692,-56.72144288577155
2024-02-05,343.773719784258,343.773719784258,343.773719784258,343.773719784258,-57.11422845691382
2024-02-06,341.47670089678377,341.47670089678377,341.47670089678377,341.47670089678377,-57.50701402805612
2024-02-07,339.1639391006463,339.1639391006463,339.1639391006463,339.1639391006463,-57.89979959919839
2024-02-08,336.8354343958456,336.8354343958456,336.8354343958456,336.8354343958456,-58.292585170340686
2024-02-09,334.49118678238233,334.49118678238233,334.49118678238233,334.49118678238233,-58.685370741482984
2024-02-10,332.13119626025605,332.13119626025605,332.13119626025605,332.13119626025605,-59.07815631262528
2024-02-11,329.75546282946675,329.75546282946675,329.75546282946675,329.75546282946675,-59.47094188376752
2024-02-12,327.3639864900142,327.3639864900142,327.3639864900142,327.3639864900142,-59.86372745490982
2024-02-13,324.95676724189843,324.95676724189843,324.95676724189843,324.95676724189843,-60.25651302605209
2024-02-14,322.5338050851201,322.5338050851201,322.5338050851201,322.5338050851201,-60.64929859719439
2024-02-15,320.09510001967874,320.09510001967874,320.09510001967874,320.09510001967874,-61.042084168336686
2024-02-16,317.64065204557414,317.64065204557414,317.64065204557414,317.64065204557414,-61.434869739478984
2024-02-17,315.17046116280653,315.17046116280653,315.17046116280653,315.17046116280653,-61.82765531062125
2024-02-18,312.6845273713759,312.6845273713759,312.6845273713759,312.6845273713759,-62.22044088176355
2024-02-19,310.1828506712825,310.1828506712825,310.1828506712825,310.1828506712825,-62.61322645290579
2024-02-20,307.66543106252584,307.66543106252584,307.66543106252584,307.66543106252584,-63.00601202404809
2024-02-21,305.1322685451064,305.1322685451064,305.1322685451064,305.1322685451064,-63.39879759519039
2024-02-22,302.5833631190237,302.5833631190237,302.5833631190237,302.5833631190237,-63.79158316633266
2024-02-23,300.0187147842778,300.0187147842778,300.0187147842778,300.0187147842778,-64.18436873747495
2024-02-24,297.4383235408693,297.4383235408693,297.4383235408693,297.4383235408693,-64.57715430861725
2024-02-25,294.8421893887976,294.8421893887976,294.8421893887976,294.8421893887976,-64.96993987975955
2024-02-26,292.23031232806306,292.23031232806306,292.23031232806306,292.23031232806306,-65.36272545090179
2024-02-27,289.6026923586653,289.6026923586653,289.6026923586653,289.6026923586653,-65.75551102204409
2024-02-28,286.95932948060454,286.95932948060454,286.95932948060454,286.95932948060454,-66.14829659318636
2024-02-29,284.30022369388075,284.30022369388075,284.30022369388075,284.30022369388075,-66.54108216432866
2024-03-01,281.62537499849395,281.62537499849395,281.62537499849395,281.62537499849395,-66.93386773547095
2024-03-02,278.93478339444414,278.93478339444414,278.93478339444414,278.93478339444414,-67.32665330661325
2024-03-03,276.2284488817313,276.2284488817313,276.2284488817313,276.2284488817313,-67.71943887775552
2024-03-04,273.5063714603557,273.5063714603557,273.5063714603557,273.5063714603557,-68.11222444889779
2024-03-05,270.76855113031684,270.76855113031684,270.76855113031684,270.76855113031684,-68.50501002004006
2024-03-06,268.01498789161474,268.01498789161474,268.01498789161474,268.01498789161474,-68.89779559118236
2024-03-07,265.2456817442501,265.2456817442501,265.2456817442501,265.2456817442501,-69.29058116232466
2024-03-08,262.46063268822195,262.46063268822195,262.46063268822195,262.46063268822195,-69.68336673346695
2024-03-09,259.65984072353103,259.65984072353103,259.65984072353103,259.65984072353103,-70.07615230460922
2024-03-10,256.8433058501771,256.8433058501771,256.8433058501771,256.8433058501771,-70.46893787575152
2024-03-11,254.01102806816016,254.01102806816016,254.01102806816016,254.01102806816016,-70.86172344689382
2024-03-12,251.16300737748043,251.16300737748043,251.16300737748043,251.16300737748043,-71.25450901803606
2024-03-13,248.29924377813745,248.29924377813745,248.29924377813745,248.29924377813745,-71.64729458917836
2024-03-14,245.41973727013146,245.41973727013146,245.41973727013146,245.41973727013146,-72.04008016032066
2024-03-15,242.52448785346246,242.52448785346246,242.52448785346246,242.52448785346246,-72.43286573146293
2024-03-16,239.61349552813044,239.61349552813044,239.61349552813044,239.61349552813044,-72.82565130260522
2024-03-17,236.68676029413518,236.68676029413518,236.68676029413518,236.68676029413518,-73.21843687374752
2024-03-18,233.74428215147714,233.74428215147714,233.74428215147714,233.74428215147714,-73.61122244488979
2024-03-19,230.7860611001563,230.7860611001563,230.7860611001563,230.7860611001563,-74.00400801603206
2024-03-20,227.81209714017223,227.81209714017223,227.81209714017223,227.81209714017223,-74.39679358717436
2024-03-21,224.8223902715249,224.8223902715249,224.8223902715249,224.8223902715249,-74.78957915831663
2024-03-22,221.8169404942148,221.8169404942148,221.8169404942148,221.8169404942148,-75.18236472945893
2024-03-23,218.79574780824169,218.79574780824169,218.79574780824169,218.79574780824169,-75.57515030060122
2024-03-24,215.75881221360532,215.75881221360532,215.75881221360532,215.75881221360532,-75.96793587174349
2024-03-25,212.70613371030618,212.70613371030618,212.70613371030618,212.70613371030618,-76.36072144288579
2024-03-26,209.63771229834424,209.63771229834424,209.63771229834424,209.63771229834424,-76.75350701402806
2024-03-27,206.55354797771884,206.55354797771884,206.55354797771884,206.55354797771884,-77.14629258517033
2024-03-28,203.45364074843087,203.45364074843087,203.45364074843087,203.45364074843087,-77.53907815631263
2024-03-29,200.33799061047944,200.33799061047944,200.33799061047944,200.33799061047944,-77.93186372745492
2024-03-30,197.20659756386522,197.20659756386522,197.20659756386522,197.20659756386522,-78.3246492985972
2024-03-31,194.05946160858775,194.05946160858775,194.05946160858775,194.05946160858775,-78.71743486973949
2024-04-01,190.89658274464728,190.89658274464728,190.89658274464728,190.89658274464728,-79.11022044088179
2024-04-02,187.71796097204424,187.71796097204424,187.71796097204424,187.71796097204424,-79.50300601202406
2024-04-03,184.52359629077796,184.52359629077796,184.52359629077796,184.52359629077796,-79.89579158316633
2024-04-04,181.31348870084867,181.31348870084867,181.31348870084867,181.31348870084867,-80.28857715430863
2024-04-05,178.08763820225613,178.08763820225613,178.08763820225613,178.08763820225613,-80.6813627254509
2024-04-06,174.84604479500058,174.84604479500058,174.84604479500058,174.84604479500058,-81.0741482965932
2024-04-07,171.58870847908224,171.58870847908224,171.58870847908224,171.58870847908224,-81.46693386773549
2024-04-08,168.31562925450112,168.31562925450112,168.31562925450112,168.31562925450112,-81.85971943887776
2024-04-09,165.0268071212563,165.0268071212563,165.0268071212563,165.0268071212563,-82.25250501002006
2024-04-10,161.72224207934937,161.72224207934937,161.72224207934937,161.72224207934937,-82.64529058116233
2024-04-11,158.40193412877875,158.40193412877875,158.40193412877875,158.40193412877875,-83.0380761523046
2024-04-12,155.0658832695451,155.0658832695451,155.0658832695451,155.0658832695451,-83.4308617234469
2024-04-13,151.71408950164846,151.71408950164846,151.71408950164846,151.71408950164846,-83.8236472945892
2024-04-14,148.34655282508902,148.34655282508902,148.34655282508902,148.34655282508902,-84.21643286573146
2024-04-15,144.9632732398661,144.9632732398661,144.9632732398661,144.9632732398661,-84.60921843687376
2024-04-16,141.56425074598064,141.56425074598064,141.56425074598064,141.56425074598064,-85.00200400801606
2024-04-17,138.1494853434324,138.1494853434324,138.1494853434324,138.1494853434324,-85.3947895791583
2024-04-18,134.7189770322209,134.7189770322209,134.7189770322209,134.7189770322209,-85.7875751503006
2024-04-19,131.27272581234638,131.27272581234638,131.27272581234638,131.27272581234638,-86.1803607214429
2024-04-20,127.81073168380863,127.81073168380863,127.81073168380863,127.81073168380863,-86.57314629258516
2024-04-21,124.33299464660786,124.33299464660786,124.33299464660786,124.33299464660786,-86.96593186372746
2024-04-22,120.83951470074385,120.83951470074385,120.83951470074385,120.83951470074385,-87.35871743486976
2024-04-23,117.33029184621728,117.33029184621728,117.33029184621728,117.33029184621728,-87.75150300601203
2024-04-24,113.8053260830277,113.8053260830277,113.8053260830277,113.8053260830277,-88.14428857715433
2024-04-25,110.26461741117532,110.26461741117532,110.26461741117532,110.26461741117532,-88.5370741482966
2024-04-26,106.70816583065925,106.70816583065925,106.70816583065925,106.70816583065925,-88.92985971943887
2024-04-27,103.1359713414804,103.1359713414804,103.1359713414804,103.1359713414804,-89.32264529058116
2024-04-28,99.54803394363876,99.54803394363876,99.54803394363876,99.54803394363876,-89.71543086172346
2024-04-29,95.94435363713387,95.94435363713387,95.94435363713387,95.94435363713387,-90.10821643286573
2024-04-30,92.3249304219662,92.3249304219662,92.3249304219662,92.3249304219662,-90.50100200400803
2024-05-01,88.68976429813506,88.68976429813506,88.68976429813506,88.68976429813506,-90.89378757515033
2024-05-02,85.03885526564181,85.03885526564181,85.03885526564181,85.03885526564181,-91.28657314629257
2024-05-03,81.37220332448464,81.37220332448464,81.37220332448464,81.37220332448464,-91.67935871743487
2024-05-04,77.68980847466491,77.68980847466491,77.68980847466491,77.68980847466491,-92.07214428857716
2024-05-05,73.99167071618194,73.99167071618194,73.99167071618194,73.99167071618194,-92.46492985971943
2024-05-06,70.27779004903596,70.27779004903596,70.27779004903596,70.27779004903596,-92.85771543086173
2024-05-07,66.54816647322673,66.54816647322673,66.54816647322673,66.54816647322673,-93.25050100200403
2024-05-08,62.802799988754714,62.802799988754714,62.802799988754714,62.802799988754714,-93.64328657314633
2024-05-09,59.041690595620366,59.041690595620366,59.041690595620366,59.041690595620366,-94.03607214428857
2024-05-10,55.26483829382232,55.26483829382232,55.26483829382232,55.26483829382232,-94.42885771543087
2024-05-11,51.47224308336126,51.47224308336126,51.47224308336126,51.47224308336126,-94.82164328657313
2024-05-12,47.66390496423696,47.66390496423696,47.66390496423696,47.66390496423696,-95.21442885771543
2024-05-13,43.839823936449875,43.839823936449875,43.839823936449875,43.839823936449875,-95.60721442885773
2024-05-14,39.99999999999977,39.99999999999977,39.99999999999977,39.99999999999977,-96.0
