drift_k,fitness,MCC,Alpha_Edge,R2_SINDy,N_Regimes
2.22,-764.8514859854405,-0.055353914362918095,0.8388967820602117,0.09064271118168082,0.0
3.28,-764.8514859854405,-0.055353914362918095,0.8388967820602117,0.09064271118168082,0.0
3.94,-764.8514859854405,-0.055353914362918095,0.8388967820602117,0.09064271118168082,0.0
4.34,-764.8514859854405,-0.055353914362918095,0.8388967820602117,0.09064271118168082,0.0
4.59,-764.8514859854405,-0.055353914362918095,0.8388967820602117,0.09064271118168082,0.0
4.75,-764.8514859854405,-0.055353914362918095,0.8388967820602117,0.09064271118168082,0.0
4.85,-764.8514859854405,-0.055353914362918095,0.8388967820602117,0.09064271118168082,0.0
4.9,-764.8514859854405,-0.055353914362918095,0.8388967820602117,0.09064271118168082,0.0
4.94,-764.8514859854405,-0.055353914362918095,0.8388967820602117,0.09064271118168082,0.0
